<?xml version="1.0" encoding="UTF-8"?>
<!DOCTYPE topology SYSTEM "hwloc2.dtd">
<topology version="2.0">
  <object type="Machine" os_index="0" cpuset="0xffffffff" complete_cpuset="0xffffffff" allowed_cpuset="0xffffffff" nodeset="0x00000066" complete_nodeset="0x000000ff" allowed_nodeset="0x00000066" gp_index="1">
    <info name="DMIProductName" value="H8QG6"/>
    <info name="DMIProductVersion" value="1234567890"/>
    <info name="DMIProductSerial" value="1234567890"/>
    <info name="DMIProductUUID" value="0"/>
    <info name="DMIBoardVendor" value="Supermicro"/>
    <info name="DMIBoardName" value="H8QG6"/>
    <info name="DMIBoardVersion" value="1234567890"/>
    <info name="DMIBoardSerial" value="0"/>
    <info name="DMIBoardAssetTag" value="1234567890"/>
    <info name="DMIChassisVendor" value="Supermicro"/>
    <info name="DMIChassisType" value="3"/>
    <info name="DMIChassisVersion" value="1234567890"/>
    <info name="DMIChassisSerial" value="1234567890."/>
    <info name="DMIChassisAssetTag" value="1234567890"/>
    <info name="DMIBIOSVendor" value="American Megatrends Inc."/>
    <info name="DMIBIOSVersion" value="080016 "/>
    <info name="DMIBIOSDate" value="10/11/2010"/>
    <info name="DMISysVendor" value="Supermicro"/>
    <info name="Backend" value="Linux"/>
    <info name="LinuxCgroup" value="/"/>
    <info name="OSName" value="Linux"/>
    <info name="OSRelease" value="4.15.0-20-generic"/>
    <info name="OSVersion" value="#21-Ubuntu SMP Tue Apr 24 06:16:15 UTC 2018"/>
    <info name="HostName" value="host"/>
    <info name="Architecture" value="x86_64"/>
    <info name="hwlocVersion" value="2.0.4"/>
    <info name="ProcessName" value="notepad"/>
    <object type="Package" os_index="0" cpuset="0x000000ff" complete_cpuset="0x000000ff" nodeset="0x00000002" complete_nodeset="0x00000003" gp_index="2">
      <info name="CPUVendor" value="AuthenticAMD"/>
      <info name="CPUFamilyNumber" value="16"/>
      <info name="CPUModelNumber" value="9"/>
      <info name="CPUModel" value="AMD Opteron(tm) Processor 6128"/>
      <info name="CPUStepping" value="1"/>
      <object type="L3Cache" cpuset="0x0000000f" complete_cpuset="0x0000000f" nodeset="0x0" complete_nodeset="0x00000001" gp_index="7" cache_size="5240832" depth="3" cache_linesize="64" cache_associativity="48" cache_type="0">
        <info name="Inclusive" value="0"/>
        <object type="L2Cache" cpuset="0x00000001" complete_cpuset="0x00000001" nodeset="0x0" complete_nodeset="0x00000001" gp_index="6" cache_size="524288" depth="2" cache_linesize="64" cache_associativity="16" cache_type="0">
          <info name="Inclusive" value="0"/>
          <object type="L1Cache" cpuset="0x00000001" complete_cpuset="0x00000001" nodeset="0x0" complete_nodeset="0x00000001" gp_index="5" cache_size="65536" depth="1" cache_linesize="64" cache_associativity="2" cache_type="1">
            <info name="Inclusive" value="0"/>
            <object type="Core" os_index="0" cpuset="0x00000001" complete_cpuset="0x00000001" nodeset="0x0" complete_nodeset="0x00000001" gp_index="3">
              <object type="PU" os_index="0" cpuset="0x00000001" complete_cpuset="0x00000001" nodeset="0x0" complete_nodeset="0x00000001" gp_index="4"/>
            </object>
          </object>
        </object>
        <object type="L2Cache" cpuset="0x00000002" complete_cpuset="0x00000002" nodeset="0x0" complete_nodeset="0x00000001" gp_index="11" cache_size="524288" depth="2" cache_linesize="64" cache_associativity="16" cache_type="0">
          <info name="Inclusive" value="0"/>
          <object type="L1Cache" cpuset="0x00000002" complete_cpuset="0x00000002" nodeset="0x0" complete_nodeset="0x00000001" gp_index="10" cache_size="65536" depth="1" cache_linesize="64" cache_associativity="2" cache_type="1">
            <info name="Inclusive" value="0"/>
            <object type="Core" os_index="1" cpuset="0x00000002" complete_cpuset="0x00000002" nodeset="0x0" complete_nodeset="0x00000001" gp_index="8">
              <object type="PU" os_index="1" cpuset="0x00000002" complete_cpuset="0x00000002" nodeset="0x0" complete_nodeset="0x00000001" gp_index="9"/>
            </object>
          </object>
        </object>
        <object type="L2Cache" cpuset="0x00000004" complete_cpuset="0x00000004" nodeset="0x0" complete_nodeset="0x00000001" gp_index="15" cache_size="524288" depth="2" cache_linesize="64" cache_associativity="16" cache_type="0">
          <info name="Inclusive" value="0"/>
          <object type="L1Cache" cpuset="0x00000004" complete_cpuset="0x00000004" nodeset="0x0" complete_nodeset="0x00000001" gp_index="14" cache_size="65536" depth="1" cache_linesize="64" cache_associativity="2" cache_type="1">
            <info name="Inclusive" value="0"/>
            <object type="Core" os_index="2" cpuset="0x00000004" complete_cpuset="0x00000004" nodeset="0x0" complete_nodeset="0x00000001" gp_index="12">
              <object type="PU" os_index="2" cpuset="0x00000004" complete_cpuset="0x00000004" nodeset="0x0" complete_nodeset="0x00000001" gp_index="13"/>
            </object>
          </object>
        </object>
        <object type="L2Cache" cpuset="0x00000008" complete_cpuset="0x00000008" nodeset="0x0" complete_nodeset="0x00000001" gp_index="19" cache_size="524288" depth="2" cache_linesize="64" cache_associativity="16" cache_type="0">
          <info name="Inclusive" value="0"/>
          <object type="L1Cache" cpuset="0x00000008" complete_cpuset="0x00000008" nodeset="0x0" complete_nodeset="0x00000001" gp_index="18" cache_size="65536" depth="1" cache_linesize="64" cache_associativity="2" cache_type="1">
            <info name="Inclusive" value="0"/>
            <object type="Core" os_index="3" cpuset="0x00000008" complete_cpuset="0x00000008" nodeset="0x0" complete_nodeset="0x00000001" gp_index="16">
              <object type="PU" os_index="3" cpuset="0x00000008" complete_cpuset="0x00000008" nodeset="0x0" complete_nodeset="0x00000001" gp_index="17"/>
            </object>
          </object>
        </object>
      </object>
      <object type="L3Cache" cpuset="0x000000f0" complete_cpuset="0x000000f0" nodeset="0x00000002" complete_nodeset="0x00000002" gp_index="24" cache_size="5240832" depth="3" cache_linesize="64" cache_associativity="48" cache_type="0">
        <info name="Inclusive" value="0"/>
        <object type="NUMANode" os_index="1" cpuset="0x000000f0" complete_cpuset="0x000000f0" nodeset="0x00000002" complete_nodeset="0x00000002" gp_index="143" local_memory="4156817408">
          <page_type size="4096" count="854592"/>
          <page_type size="2097152" count="313"/>
          <page_type size="1073741824" count="0"/>
        </object>
        <object type="L2Cache" cpuset="0x00000010" complete_cpuset="0x00000010" nodeset="0x00000002" complete_nodeset="0x00000002" gp_index="23" cache_size="524288" depth="2" cache_linesize="64" cache_associativity="16" cache_type="0">
          <info name="Inclusive" value="0"/>
          <object type="L1Cache" cpuset="0x00000010" complete_cpuset="0x00000010" nodeset="0x00000002" complete_nodeset="0x00000002" gp_index="22" cache_size="65536" depth="1" cache_linesize="64" cache_associativity="2" cache_type="1">
            <info name="Inclusive" value="0"/>
            <object type="Core" os_index="0" cpuset="0x00000010" complete_cpuset="0x00000010" nodeset="0x00000002" complete_nodeset="0x00000002" gp_index="20">
              <object type="PU" os_index="4" cpuset="0x00000010" complete_cpuset="0x00000010" nodeset="0x00000002" complete_nodeset="0x00000002" gp_index="21"/>
            </object>
          </object>
        </object>
        <object type="L2Cache" cpuset="0x00000020" complete_cpuset="0x00000020" nodeset="0x00000002" complete_nodeset="0x00000002" gp_index="28" cache_size="524288" depth="2" cache_linesize="64" cache_associativity="16" cache_type="0">
          <info name="Inclusive" value="0"/>
          <object type="L1Cache" cpuset="0x00000020" complete_cpuset="0x00000020" nodeset="0x00000002" complete_nodeset="0x00000002" gp_index="27" cache_size="65536" depth="1" cache_linesize="64" cache_associativity="2" cache_type="1">
            <info name="Inclusive" value="0"/>
            <object type="Core" os_index="1" cpuset="0x00000020" complete_cpuset="0x00000020" nodeset="0x00000002" complete_nodeset="0x00000002" gp_index="25">
              <object type="PU" os_index="5" cpuset="0x00000020" complete_cpuset="0x00000020" nodeset="0x00000002" complete_nodeset="0x00000002" gp_index="26"/>
            </object>
          </object>
        </object>
        <object type="L2Cache" cpuset="0x00000040" complete_cpuset="0x00000040" nodeset="0x00000002" complete_nodeset="0x00000002" gp_index="32" cache_size="524288" depth="2" cache_linesize="64" cache_associativity="16" cache_type="0">
          <info name="Inclusive" value="0"/>
          <object type="L1Cache" cpuset="0x00000040" complete_cpuset="0x00000040" nodeset="0x00000002" complete_nodeset="0x00000002" gp_index="31" cache_size="65536" depth="1" cache_linesize="64" cache_associativity="2" cache_type="1">
            <info name="Inclusive" value="0"/>
            <object type="Core" os_index="2" cpuset="0x00000040" complete_cpuset="0x00000040" nodeset="0x00000002" complete_nodeset="0x00000002" gp_index="29">
              <object type="PU" os_index="6" cpuset="0x00000040" complete_cpuset="0x00000040" nodeset="0x00000002" complete_nodeset="0x00000002" gp_index="30"/>
            </object>
          </object>
        </object>
        <object type="L2Cache" cpuset="0x00000080" complete_cpuset="0x00000080" nodeset="0x00000002" complete_nodeset="0x00000002" gp_index="36" cache_size="524288" depth="2" cache_linesize="64" cache_associativity="16" cache_type="0">
          <info name="Inclusive" value="0"/>
          <object type="L1Cache" cpuset="0x00000080" complete_cpuset="0x00000080" nodeset="0x00000002" complete_nodeset="0x00000002" gp_index="35" cache_size="65536" depth="1" cache_linesize="64" cache_associativity="2" cache_type="1">
            <info name="Inclusive" value="0"/>
            <object type="Core" os_index="3" cpuset="0x00000080" complete_cpuset="0x00000080" nodeset="0x00000002" complete_nodeset="0x00000002" gp_index="33">
              <object type="PU" os_index="7" cpuset="0x00000080" complete_cpuset="0x00000080" nodeset="0x00000002" complete_nodeset="0x00000002" gp_index="34"/>
            </object>
          </object>
        </object>
      </object>
    </object>
    <object type="Package" os_index="1" cpuset="0x0000ff00" complete_cpuset="0x0000ff00" nodeset="0x00000004" complete_nodeset="0x0000000c" gp_index="37">
      <info name="CPUVendor" value="AuthenticAMD"/>
      <info name="CPUFamilyNumber" value="16"/>
      <info name="CPUModelNumber" value="9"/>
      <info name="CPUModel" value="AMD Opteron(tm) Processor 6128"/>
      <info name="CPUStepping" value="1"/>
      <object type="L3Cache" cpuset="0x00000f00" complete_cpuset="0x00000f00" nodeset="0x00000004" complete_nodeset="0x00000004" gp_index="42" cache_size="5240832" depth="3" cache_linesize="64" cache_associativity="48" cache_type="0">
        <info name="Inclusive" value="0"/>
        <object type="NUMANode" os_index="2" cpuset="0x00000f00" complete_cpuset="0x00000f00" nodeset="0x00000004" complete_nodeset="0x00000004" gp_index="144" local_memory="4204060672">
          <page_type size="4096" count="866126"/>
          <page_type size="2097152" count="313"/>
          <page_type size="1073741824" count="0"/>
        </object>
        <object type="L2Cache" cpuset="0x00000100" complete_cpuset="0x00000100" nodeset="0x00000004" complete_nodeset="0x00000004" gp_index="41" cache_size="524288" depth="2" cache_linesize="64" cache_associativity="16" cache_type="0">
          <info name="Inclusive" value="0"/>
          <object type="L1Cache" cpuset="0x00000100" complete_cpuset="0x00000100" nodeset="0x00000004" complete_nodeset="0x00000004" gp_index="40" cache_size="65536" depth="1" cache_linesize="64" cache_associativity="2" cache_type="1">
            <info name="Inclusive" value="0"/>
            <object type="Core" os_index="0" cpuset="0x00000100" complete_cpuset="0x00000100" nodeset="0x00000004" complete_nodeset="0x00000004" gp_index="38">
              <object type="PU" os_index="8" cpuset="0x00000100" complete_cpuset="0x00000100" nodeset="0x00000004" complete_nodeset="0x00000004" gp_index="39"/>
            </object>
          </object>
        </object>
        <object type="L2Cache" cpuset="0x00000200" complete_cpuset="0x00000200" nodeset="0x00000004" complete_nodeset="0x00000004" gp_index="46" cache_size="524288" depth="2" cache_linesize="64" cache_associativity="16" cache_type="0">
          <info name="Inclusive" value="0"/>
          <object type="L1Cache" cpuset="0x00000200" complete_cpuset="0x00000200" nodeset="0x00000004" complete_nodeset="0x00000004" gp_index="45" cache_size="65536" depth="1" cache_linesize="64" cache_associativity="2" cache_type="1">
            <info name="Inclusive" value="0"/>
            <object type="Core" os_index="1" cpuset="0x00000200" complete_cpuset="0x00000200" nodeset="0x00000004" complete_nodeset="0x00000004" gp_index="43">
              <object type="PU" os_index="9" cpuset="0x00000200" complete_cpuset="0x00000200" nodeset="0x00000004" complete_nodeset="0x00000004" gp_index="44"/>
            </object>
          </object>
        </object>
        <object type="L2Cache" cpuset="0x00000400" complete_cpuset="0x00000400" nodeset="0x00000004" complete_nodeset="0x00000004" gp_index="50" cache_size="524288" depth="2" cache_linesize="64" cache_associativity="16" cache_type="0">
          <info name="Inclusive" value="0"/>
          <object type="L1Cache" cpuset="0x00000400" complete_cpuset="0x00000400" nodeset="0x00000004" complete_nodeset="0x00000004" gp_index="49" cache_size="65536" depth="1" cache_linesize="64" cache_associativity="2" cache_type="1">
            <info name="Inclusive" value="0"/>
            <object type="Core" os_index="2" cpuset="0x00000400" complete_cpuset="0x00000400" nodeset="0x00000004" complete_nodeset="0x00000004" gp_index="47">
              <object type="PU" os_index="10" cpuset="0x00000400" complete_cpuset="0x00000400" nodeset="0x00000004" complete_nodeset="0x00000004" gp_index="48"/>
            </object>
          </object>
        </object>
        <object type="L2Cache" cpuset="0x00000800" complete_cpuset="0x00000800" nodeset="0x00000004" complete_nodeset="0x00000004" gp_index="54" cache_size="524288" depth="2" cache_linesize="64" cache_associativity="16" cache_type="0">
          <info name="Inclusive" value="0"/>
          <object type="L1Cache" cpuset="0x00000800" complete_cpuset="0x00000800" nodeset="0x00000004" complete_nodeset="0x00000004" gp_index="53" cache_size="65536" depth="1" cache_linesize="64" cache_associativity="2" cache_type="1">
            <info name="Inclusive" value="0"/>
            <object type="Core" os_index="3" cpuset="0x00000800" complete_cpuset="0x00000800" nodeset="0x00000004" complete_nodeset="0x00000004" gp_index="51">
              <object type="PU" os_index="11" cpuset="0x00000800" complete_cpuset="0x00000800" nodeset="0x00000004" complete_nodeset="0x00000004" gp_index="52"/>
            </object>
          </object>
        </object>
      </object>
      <object type="L3Cache" cpuset="0x0000f000" complete_cpuset="0x0000f000" nodeset="0x0" complete_nodeset="0x00000008" gp_index="59" cache_size="5240832" depth="3" cache_linesize="64" cache_associativity="48" cache_type="0">
        <info name="Inclusive" value="0"/>
        <object type="L2Cache" cpuset="0x00001000" complete_cpuset="0x00001000" nodeset="0x0" complete_nodeset="0x00000008" gp_index="58" cache_size="524288" depth="2" cache_linesize="64" cache_associativity="16" cache_type="0">
          <info name="Inclusive" value="0"/>
          <object type="L1Cache" cpuset="0x00001000" complete_cpuset="0x00001000" nodeset="0x0" complete_nodeset="0x00000008" gp_index="57" cache_size="65536" depth="1" cache_linesize="64" cache_associativity="2" cache_type="1">
            <info name="Inclusive" value="0"/>
            <object type="Core" os_index="0" cpuset="0x00001000" complete_cpuset="0x00001000" nodeset="0x0" complete_nodeset="0x00000008" gp_index="55">
              <object type="PU" os_index="12" cpuset="0x00001000" complete_cpuset="0x00001000" nodeset="0x0" complete_nodeset="0x00000008" gp_index="56"/>
            </object>
          </object>
        </object>
        <object type="L2Cache" cpuset="0x00002000" complete_cpuset="0x00002000" nodeset="0x0" complete_nodeset="0x00000008" gp_index="63" cache_size="524288" depth="2" cache_linesize="64" cache_associativity="16" cache_type="0">
          <info name="Inclusive" value="0"/>
          <object type="L1Cache" cpuset="0x00002000" complete_cpuset="0x00002000" nodeset="0x0" complete_nodeset="0x00000008" gp_index="62" cache_size="65536" depth="1" cache_linesize="64" cache_associativity="2" cache_type="1">
            <info name="Inclusive" value="0"/>
            <object type="Core" os_index="1" cpuset="0x00002000" complete_cpuset="0x00002000" nodeset="0x0" complete_nodeset="0x00000008" gp_index="60">
              <object type="PU" os_index="13" cpuset="0x00002000" complete_cpuset="0x00002000" nodeset="0x0" complete_nodeset="0x00000008" gp_index="61"/>
            </object>
          </object>
        </object>
        <object type="L2Cache" cpuset="0x00004000" complete_cpuset="0x00004000" nodeset="0x0" complete_nodeset="0x00000008" gp_index="67" cache_size="524288" depth="2" cache_linesize="64" cache_associativity="16" cache_type="0">
          <info name="Inclusive" value="0"/>
          <object type="L1Cache" cpuset="0x00004000" complete_cpuset="0x00004000" nodeset="0x0" complete_nodeset="0x00000008" gp_index="66" cache_size="65536" depth="1" cache_linesize="64" cache_associativity="2" cache_type="1">
            <info name="Inclusive" value="0"/>
            <object type="Core" os_index="2" cpuset="0x00004000" complete_cpuset="0x00004000" nodeset="0x0" complete_nodeset="0x00000008" gp_index="64">
              <object type="PU" os_index="14" cpuset="0x00004000" complete_cpuset="0x00004000" nodeset="0x0" complete_nodeset="0x00000008" gp_index="65"/>
            </object>
          </object>
        </object>
        <object type="L2Cache" cpuset="0x00008000" complete_cpuset="0x00008000" nodeset="0x0" complete_nodeset="0x00000008" gp_index="71" cache_size="524288" depth="2" cache_linesize="64" cache_associativity="16" cache_type="0">
          <info name="Inclusive" value="0"/>
          <object type="L1Cache" cpuset="0x00008000" complete_cpuset="0x00008000" nodeset="0x0" complete_nodeset="0x00000008" gp_index="70" cache_size="65536" depth="1" cache_linesize="64" cache_associativity="2" cache_type="1">
            <info name="Inclusive" value="0"/>
            <object type="Core" os_index="3" cpuset="0x00008000" complete_cpuset="0x00008000" nodeset="0x0" complete_nodeset="0x00000008" gp_index="68">
              <object type="PU" os_index="15" cpuset="0x00008000" complete_cpuset="0x00008000" nodeset="0x0" complete_nodeset="0x00000008" gp_index="69"/>
            </object>
          </object>
        </object>
      </object>
    </object>
    <object type="Package" os_index="2" cpuset="0x00ff0000" complete_cpuset="0x00ff0000" nodeset="0x00000020" complete_nodeset="0x00000030" gp_index="72">
      <info name="CPUVendor" value="AuthenticAMD"/>
      <info name="CPUFamilyNumber" value="16"/>
      <info name="CPUModelNumber" value="9"/>
      <info name="CPUModel" value="AMD Opteron(tm) Processor 6128"/>
      <info name="CPUStepping" value="1"/>
      <object type="L3Cache" cpuset="0x000f0000" complete_cpuset="0x000f0000" nodeset="0x0" complete_nodeset="0x00000010" gp_index="77" cache_size="5240832" depth="3" cache_linesize="64" cache_associativity="48" cache_type="0">
        <info name="Inclusive" value="0"/>
        <object type="L2Cache" cpuset="0x00010000" complete_cpuset="0x00010000" nodeset="0x0" complete_nodeset="0x00000010" gp_index="76" cache_size="524288" depth="2" cache_linesize="64" cache_associativity="16" cache_type="0">
          <info name="Inclusive" value="0"/>
          <object type="L1Cache" cpuset="0x00010000" complete_cpuset="0x00010000" nodeset="0x0" complete_nodeset="0x00000010" gp_index="75" cache_size="65536" depth="1" cache_linesize="64" cache_associativity="2" cache_type="1">
            <info name="Inclusive" value="0"/>
            <object type="Core" os_index="0" cpuset="0x00010000" complete_cpuset="0x00010000" nodeset="0x0" complete_nodeset="0x00000010" gp_index="73">
              <object type="PU" os_index="16" cpuset="0x00010000" complete_cpuset="0x00010000" nodeset="0x0" complete_nodeset="0x00000010" gp_index="74"/>
            </object>
          </object>
        </object>
        <object type="L2Cache" cpuset="0x00020000" complete_cpuset="0x00020000" nodeset="0x0" complete_nodeset="0x00000010" gp_index="81" cache_size="524288" depth="2" cache_linesize="64" cache_associativity="16" cache_type="0">
          <info name="Inclusive" value="0"/>
          <object type="L1Cache" cpuset="0x00020000" complete_cpuset="0x00020000" nodeset="0x0" complete_nodeset="0x00000010" gp_index="80" cache_size="65536" depth="1" cache_linesize="64" cache_associativity="2" cache_type="1">
            <info name="Inclusive" value="0"/>
            <object type="Core" os_index="1" cpuset="0x00020000" complete_cpuset="0x00020000" nodeset="0x0" complete_nodeset="0x00000010" gp_index="78">
              <object type="PU" os_index="17" cpuset="0x00020000" complete_cpuset="0x00020000" nodeset="0x0" complete_nodeset="0x00000010" gp_index="79"/>
            </object>
          </object>
        </object>
        <object type="L2Cache" cpuset="0x00040000" complete_cpuset="0x00040000" nodeset="0x0" complete_nodeset="0x00000010" gp_index="85" cache_size="524288" depth="2" cache_linesize="64" cache_associativity="16" cache_type="0">
          <info name="Inclusive" value="0"/>
          <object type="L1Cache" cpuset="0x00040000" complete_cpuset="0x00040000" nodeset="0x0" complete_nodeset="0x00000010" gp_index="84" cache_size="65536" depth="1" cache_linesize="64" cache_associativity="2" cache_type="1">
            <info name="Inclusive" value="0"/>
            <object type="Core" os_index="2" cpuset="0x00040000" complete_cpuset="0x00040000" nodeset="0x0" complete_nodeset="0x00000010" gp_index="82">
              <object type="PU" os_index="18" cpuset="0x00040000" complete_cpuset="0x00040000" nodeset="0x0" complete_nodeset="0x00000010" gp_index="83"/>
            </object>
          </object>
        </object>
        <object type="L2Cache" cpuset="0x00080000" complete_cpuset="0x00080000" nodeset="0x0" complete_nodeset="0x00000010" gp_index="89" cache_size="524288" depth="2" cache_linesize="64" cache_associativity="16" cache_type="0">
          <info name="Inclusive" value="0"/>
          <object type="L1Cache" cpuset="0x00080000" complete_cpuset="0x00080000" nodeset="0x0" complete_nodeset="0x00000010" gp_index="88" cache_size="65536" depth="1" cache_linesize="64" cache_associativity="2" cache_type="1">
            <info name="Inclusive" value="0"/>
            <object type="Core" os_index="3" cpuset="0x00080000" complete_cpuset="0x00080000" nodeset="0x0" complete_nodeset="0x00000010" gp_index="86">
              <object type="PU" os_index="19" cpuset="0x00080000" complete_cpuset="0x00080000" nodeset="0x0" complete_nodeset="0x00000010" gp_index="87"/>
            </object>
          </object>
        </object>
      </object>
      <object type="L3Cache" cpuset="0x00f00000" complete_cpuset="0x00f00000" nodeset="0x00000020" complete_nodeset="0x00000020" gp_index="94" cache_size="5240832" depth="3" cache_linesize="64" cache_associativity="48" cache_type="0">
        <info name="Inclusive" value="0"/>
        <object type="NUMANode" os_index="5" cpuset="0x00f00000" complete_cpuset="0x00f00000" nodeset="0x00000020" complete_nodeset="0x00000020" gp_index="147" local_memory="4226170880">
          <page_type size="4096" count="872036"/>
          <page_type size="2097152" count="312"/>
          <page_type size="1073741824" count="0"/>
        </object>
        <object type="L2Cache" cpuset="0x00100000" complete_cpuset="0x00100000" nodeset="0x00000020" complete_nodeset="0x00000020" gp_index="93" cache_size="524288" depth="2" cache_linesize="64" cache_associativity="16" cache_type="0">
          <info name="Inclusive" value="0"/>
          <object type="L1Cache" cpuset="0x00100000" complete_cpuset="0x00100000" nodeset="0x00000020" complete_nodeset="0x00000020" gp_index="92" cache_size="65536" depth="1" cache_linesize="64" cache_associativity="2" cache_type="1">
            <info name="Inclusive" value="0"/>
            <object type="Core" os_index="0" cpuset="0x00100000" complete_cpuset="0x00100000" nodeset="0x00000020" complete_nodeset="0x00000020" gp_index="90">
              <object type="PU" os_index="20" cpuset="0x00100000" complete_cpuset="0x00100000" nodeset="0x00000020" complete_nodeset="0x00000020" gp_index="91"/>
            </object>
          </object>
        </object>
        <object type="L2Cache" cpuset="0x00200000" complete_cpuset="0x00200000" nodeset="0x00000020" complete_nodeset="0x00000020" gp_index="98" cache_size="524288" depth="2" cache_linesize="64" cache_associativity="16" cache_type="0">
          <info name="Inclusive" value="0"/>
          <object type="L1Cache" cpuset="0x00200000" complete_cpuset="0x00200000" nodeset="0x00000020" complete_nodeset="0x00000020" gp_index="97" cache_size="65536" depth="1" cache_linesize="64" cache_associativity="2" cache_type="1">
            <info name="Inclusive" value="0"/>
            <object type="Core" os_index="1" cpuset="0x00200000" complete_cpuset="0x00200000" nodeset="0x00000020" complete_nodeset="0x00000020" gp_index="95">
              <object type="PU" os_index="21" cpuset="0x00200000" complete_cpuset="0x00200000" nodeset="0x00000020" complete_nodeset="0x00000020" gp_index="96"/>
            </object>
          </object>
        </object>
        <object type="L2Cache" cpuset="0x00400000" complete_cpuset="0x00400000" nodeset="0x00000020" complete_nodeset="0x00000020" gp_index="102" cache_size="524288" depth="2" cache_linesize="64" cache_associativity="16" cache_type="0">
          <info name="Inclusive" value="0"/>
          <object type="L1Cache" cpuset="0x00400000" complete_cpuset="0x00400000" nodeset="0x00000020" complete_nodeset="0x00000020" gp_index="101" cache_size="65536" depth="1" cache_linesize="64" cache_associativity="2" cache_type="1">
            <info name="Inclusive" value="0"/>
            <object type="Core" os_index="2" cpuset="0x00400000" complete_cpuset="0x00400000" nodeset="0x00000020" complete_nodeset="0x00000020" gp_index="99">
              <object type="PU" os_index="22" cpuset="0x00400000" complete_cpuset="0x00400000" nodeset="0x00000020" complete_nodeset="0x00000020" gp_index="100"/>
            </object>
          </object>
        </object>
        <object type="L2Cache" cpuset="0x00800000" complete_cpuset="0x00800000" nodeset="0x00000020" complete_nodeset="0x00000020" gp_index="106" cache_size="524288" depth="2" cache_linesize="64" cache_associativity="16" cache_type="0">
          <info name="Inclusive" value="0"/>
          <object type="L1Cache" cpuset="0x00800000" complete_cpuset="0x00800000" nodeset="0x00000020" complete_nodeset="0x00000020" gp_index="105" cache_size="65536" depth="1" cache_linesize="64" cache_associativity="2" cache_type="1">
            <info name="Inclusive" value="0"/>
            <object type="Core" os_index="3" cpuset="0x00800000" complete_cpuset="0x00800000" nodeset="0x00000020" complete_nodeset="0x00000020" gp_index="103">
              <object type="PU" os_index="23" cpuset="0x00800000" complete_cpuset="0x00800000" nodeset="0x00000020" complete_nodeset="0x00000020" gp_index="104"/>
            </object>
          </object>
        </object>
      </object>
    </object>
    <object type="Package" os_index="3" cpuset="0xff000000" complete_cpuset="0xff000000" nodeset="0x00000040" complete_nodeset="0x000000c0" gp_index="107">
      <info name="CPUVendor" value="AuthenticAMD"/>
      <info name="CPUFamilyNumber" value="16"/>
      <info name="CPUModelNumber" value="9"/>
      <info name="CPUModel" value="AMD Opteron(tm) Processor 6128"/>
      <info name="CPUStepping" value="1"/>
      <object type="L3Cache" cpuset="0x0f000000" complete_cpuset="0x0f000000" nodeset="0x00000040" complete_nodeset="0x00000040" gp_index="112" cache_size="5240832" depth="3" cache_linesize="64" cache_associativity="48" cache_type="0">
        <info name="Inclusive" value="0"/>
        <object type="NUMANode" os_index="6" cpuset="0x0f000000" complete_cpuset="0x0f000000" nodeset="0x00000040" complete_nodeset="0x00000040" gp_index="148" local_memory="4221870080">
          <page_type size="4096" count="870986"/>
          <page_type size="2097152" count="312"/>
          <page_type size="1073741824" count="0"/>
        </object>
        <object type="L2Cache" cpuset="0x01000000" complete_cpuset="0x01000000" nodeset="0x00000040" complete_nodeset="0x00000040" gp_index="111" cache_size="524288" depth="2" cache_linesize="64" cache_associativity="16" cache_type="0">
          <info name="Inclusive" value="0"/>
          <object type="L1Cache" cpuset="0x01000000" complete_cpuset="0x01000000" nodeset="0x00000040" complete_nodeset="0x00000040" gp_index="110" cache_size="65536" depth="1" cache_linesize="64" cache_associativity="2" cache_type="1">
            <info name="Inclusive" value="0"/>
            <object type="Core" os_index="0" cpuset="0x01000000" complete_cpuset="0x01000000" nodeset="0x00000040" complete_nodeset="0x00000040" gp_index="108">
              <object type="PU" os_index="24" cpuset="0x01000000" complete_cpuset="0x01000000" nodeset="0x00000040" complete_nodeset="0x00000040" gp_index="109"/>
            </object>
          </object>
        </object>
        <object type="L2Cache" cpuset="0x02000000" complete_cpuset="0x02000000" nodeset="0x00000040" complete_nodeset="0x00000040" gp_index="116" cache_size="524288" depth="2" cache_linesize="64" cache_associativity="16" cache_type="0">
          <info name="Inclusive" value="0"/>
          <object type="L1Cache" cpuset="0x02000000" complete_cpuset="0x02000000" nodeset="0x00000040" complete_nodeset="0x00000040" gp_index="115" cache_size="65536" depth="1" cache_linesize="64" cache_associativity="2" cache_type="1">
            <info name="Inclusive" value="0"/>
            <object type="Core" os_index="1" cpuset="0x02000000" complete_cpuset="0x02000000" nodeset="0x00000040" complete_nodeset="0x00000040" gp_index="113">
              <object type="PU" os_index="25" cpuset="0x02000000" complete_cpuset="0x02000000" nodeset="0x00000040" complete_nodeset="0x00000040" gp_index="114"/>
            </object>
          </object>
        </object>
        <object type="L2Cache" cpuset="0x04000000" complete_cpuset="0x04000000" nodeset="0x00000040" complete_nodeset="0x00000040" gp_index="120" cache_size="524288" depth="2" cache_linesize="64" cache_associativity="16" cache_type="0">
          <info name="Inclusive" value="0"/>
          <object type="L1Cache" cpuset="0x04000000" complete_cpuset="0x04000000" nodeset="0x00000040" complete_nodeset="0x00000040" gp_index="119" cache_size="65536" depth="1" cache_linesize="64" cache_associativity="2" cache_type="1">
            <info name="Inclusive" value="0"/>
            <object type="Core" os_index="2" cpuset="0x04000000" complete_cpuset="0x04000000" nodeset="0x00000040" complete_nodeset="0x00000040" gp_index="117">
              <object type="PU" os_index="26" cpuset="0x04000000" complete_cpuset="0x04000000" nodeset="0x00000040" complete_nodeset="0x00000040" gp_index="118"/>
            </object>
          </object>
        </object>
        <object type="L2Cache" cpuset="0x08000000" complete_cpuset="0x08000000" nodeset="0x00000040" complete_nodeset="0x00000040" gp_index="124" cache_size="524288" depth="2" cache_linesize="64" cache_associativity="16" cache_type="0">
          <info name="Inclusive" value="0"/>
          <object type="L1Cache" cpuset="0x08000000" complete_cpuset="0x08000000" nodeset="0x00000040" complete_nodeset="0x00000040" gp_index="123" cache_size="65536" depth="1" cache_linesize="64" cache_associativity="2" cache_type="1">
            <info name="Inclusive" value="0"/>
            <object type="Core" os_index="3" cpuset="0x08000000" complete_cpuset="0x08000000" nodeset="0x00000040" complete_nodeset="0x00000040" gp_index="121">
              <object type="PU" os_index="27" cpuset="0x08000000" complete_cpuset="0x08000000" nodeset="0x00000040" complete_nodeset="0x00000040" gp_index="122"/>
            </object>
          </object>
        </object>
      </object>
      <object type="L3Cache" cpuset="0xf0000000" complete_cpuset="0xf0000000" nodeset="0x0" complete_nodeset="0x00000080" gp_index="129" cache_size="5240832" depth="3" cache_linesize="64" cache_associativity="48" cache_type="0">
        <info name="Inclusive" value="0"/>
        <object type="L2Cache" cpuset="0x10000000" complete_cpuset="0x10000000" nodeset="0x0" complete_nodeset="0x00000080" gp_index="128" cache_size="524288" depth="2" cache_linesize="64" cache_associativity="16" cache_type="0">
          <info name="Inclusive" value="0"/>
          <object type="L1Cache" cpuset="0x10000000" complete_cpuset="0x10000000" nodeset="0x0" complete_nodeset="0x00000080" gp_index="127" cache_size="65536" depth="1" cache_linesize="64" cache_associativity="2" cache_type="1">
            <info name="Inclusive" value="0"/>
            <object type="Core" os_index="0" cpuset="0x10000000" complete_cpuset="0x10000000" nodeset="0x0" complete_nodeset="0x00000080" gp_index="125">
              <object type="PU" os_index="28" cpuset="0x10000000" complete_cpuset="0x10000000" nodeset="0x0" complete_nodeset="0x00000080" gp_index="126"/>
            </object>
          </object>
        </object>
        <object type="L2Cache" cpuset="0x20000000" complete_cpuset="0x20000000" nodeset="0x0" complete_nodeset="0x00000080" gp_index="133" cache_size="524288" depth="2" cache_linesize="64" cache_associativity="16" cache_type="0">
          <info name="Inclusive" value="0"/>
          <object type="L1Cache" cpuset="0x20000000" complete_cpuset="0x20000000" nodeset="0x0" complete_nodeset="0x00000080" gp_index="132" cache_size="65536" depth="1" cache_linesize="64" cache_associativity="2" cache_type="1">
            <info name="Inclusive" value="0"/>
            <object type="Core" os_index="1" cpuset="0x20000000" complete_cpuset="0x20000000" nodeset="0x0" complete_nodeset="0x00000080" gp_index="130">
              <object type="PU" os_index="29" cpuset="0x20000000" complete_cpuset="0x20000000" nodeset="0x0" complete_nodeset="0x00000080" gp_index="131"/>
            </object>
          </object>
        </object>
        <object type="L2Cache" cpuset="0x40000000" complete_cpuset="0x40000000" nodeset="0x0" complete_nodeset="0x00000080" gp_index="137" cache_size="524288" depth="2" cache_linesize="64" cache_associativity="16" cache_type="0">
          <info name="Inclusive" value="0"/>
          <object type="L1Cache" cpuset="0x40000000" complete_cpuset="0x40000000" nodeset="0x0" complete_nodeset="0x00000080" gp_index="136" cache_size="65536" depth="1" cache_linesize="64" cache_associativity="2" cache_type="1">
            <info name="Inclusive" value="0"/>
            <object type="Core" os_index="2" cpuset="0x40000000" complete_cpuset="0x40000000" nodeset="0x0" complete_nodeset="0x00000080" gp_index="134">
              <object type="PU" os_index="30" cpuset="0x40000000" complete_cpuset="0x40000000" nodeset="0x0" complete_nodeset="0x00000080" gp_index="135"/>
            </object>
          </object>
        </object>
        <object type="L2Cache" cpuset="0x80000000" complete_cpuset="0x80000000" nodeset="0x0" complete_nodeset="0x00000080" gp_index="141" cache_size="524288" depth="2" cache_linesize="64" cache_associativity="16" cache_type="0">
          <info name="Inclusive" value="0"/>
          <object type="L1Cache" cpuset="0x80000000" complete_cpuset="0x80000000" nodeset="0x0" complete_nodeset="0x00000080" gp_index="140" cache_size="65536" depth="1" cache_linesize="64" cache_associativity="2" cache_type="1">
            <info name="Inclusive" value="0"/>
            <object type="Core" os_index="3" cpuset="0x80000000" complete_cpuset="0x80000000" nodeset="0x0" complete_nodeset="0x00000080" gp_index="138">
              <object type="PU" os_index="31" cpuset="0x80000000" complete_cpuset="0x80000000" nodeset="0x0" complete_nodeset="0x00000080" gp_index="139"/>
            </object>
          </object>
        </object>
      </object>
    </object>
  </object>
  <distances2 type="NUMANode" nbobjs="4" kind="5" indexing="os">
    <indexes length="8">1 2 5 6 </indexes>
    <u64values length="30">10 22 16 22 22 10 22 16 16 22 </u64values>
    <u64values length="18">10 22 22 16 22 10 </u64values>
  </distances2>
</topology>

