<?xml version="1.0" encoding="UTF-8"?>
<!DOCTYPE topology SYSTEM "hwloc2.dtd">
<topology version="2.0">
  <object type="Machine" os_index="0" cpuset="0x000000ff,0xffffffff" complete_cpuset="0x000000ff,0xffffffff" allowed_cpuset="0x000000ff,0xffffffff" nodeset="0x00000003" complete_nodeset="0x00000003" allowed_nodeset="0x00000003" gp_index="1">
    <info name="DMIProductName" value="PowerEdge C6420"/>
    <info name="DMIProductVersion" value=""/>
    <info name="DMIBoardVendor" value="Dell Inc."/>
    <info name="DMIBoardName" value="0K2TT6"/>
    <info name="DMIBoardVersion" value="A07"/>
    <info name="DMIBoardAssetTag" value=""/>
    <info name="DMIChassisVendor" value="Dell Inc."/>
    <info name="DMIChassisType" value="23"/>
    <info name="DMIChassisVersion" value="PowerEdge C6400"/>
    <info name="DMIChassisAssetTag" value=""/>
    <info name="DMIBIOSVendor" value="Dell Inc."/>
    <info name="DMIBIOSVersion" value="1.4.9"/>
    <info name="DMIBIOSDate" value="05/30/2018"/>
    <info name="DMISysVendor" value="Dell Inc."/>
    <info name="Backend" value="Linux"/>
    <info name="LinuxCgroup" value="/"/>
    <info name="OSName" value="Linux"/>
    <info name="OSRelease" value="4.15.0-55-generic"/>
    <info name="OSVersion" value="#60-Ubuntu SMP Tue Jul 2 18:22:20 UTC 2019"/>
    <info name="HostName" value="sd-146751"/>
    <info name="Architecture" value="x86_64"/>
    <info name="hwlocVersion" value="2.0.4"/>
    <info name="ProcessName" value="notepad"/>
    <object type="Package" os_index="0" cpuset="0x00000055,0x55555555" complete_cpuset="0x00000055,0x55555555" nodeset="0x00000001" complete_nodeset="0x00000001" gp_index="2">
      <info name="CPUVendor" value="GenuineIntel"/>
      <info name="CPUFamilyNumber" value="6"/>
      <info name="CPUModelNumber" value="85"/>
      <info name="CPUModel" value="Intel(R) Xeon(R) Silver 4114 CPU @ 2.20GHz"/>
      <info name="CPUStepping" value="4"/>
      <object type="NUMANode" os_index="0" cpuset="0x00000055,0x55555555" complete_cpuset="0x00000055,0x55555555" nodeset="0x00000001" complete_nodeset="0x00000001" gp_index="106" local_memory="67245707264">
        <page_type size="4096" count="15762049"/>
        <page_type size="2097152" count="1280"/>
        <page_type size="1073741824" count="0"/>
      </object>
      <object type="L3Cache" cpuset="0x00000055,0x55555555" complete_cpuset="0x00000055,0x55555555" nodeset="0x00000001" complete_nodeset="0x00000001" gp_index="7" cache_size="14417920" depth="3" cache_linesize="64" cache_associativity="11" cache_type="0">
        <info name="Inclusive" value="0"/>
        <object type="L2Cache" cpuset="0x00100001" complete_cpuset="0x00100001" nodeset="0x00000001" complete_nodeset="0x00000001" gp_index="6" cache_size="1048576" depth="2" cache_linesize="64" cache_associativity="16" cache_type="0">
          <info name="Inclusive" value="0"/>
          <object type="L1Cache" cpuset="0x00100001" complete_cpuset="0x00100001" nodeset="0x00000001" complete_nodeset="0x00000001" gp_index="5" cache_size="32768" depth="1" cache_linesize="64" cache_associativity="8" cache_type="1">
            <info name="Inclusive" value="0"/>
            <object type="Core" os_index="0" cpuset="0x00100001" complete_cpuset="0x00100001" nodeset="0x00000001" complete_nodeset="0x00000001" gp_index="3">
              <object type="PU" os_index="0" cpuset="0x00000001" complete_cpuset="0x00000001" nodeset="0x00000001" complete_nodeset="0x00000001" gp_index="4"/>
              <object type="PU" os_index="20" cpuset="0x00100000" complete_cpuset="0x00100000" nodeset="0x00000001" complete_nodeset="0x00000001" gp_index="86"/>
            </object>
          </object>
        </object>
        <object type="L2Cache" cpuset="0x00400004" complete_cpuset="0x00400004" nodeset="0x00000001" complete_nodeset="0x00000001" gp_index="17" cache_size="1048576" depth="2" cache_linesize="64" cache_associativity="16" cache_type="0">
          <info name="Inclusive" value="0"/>
          <object type="L1Cache" cpuset="0x00400004" complete_cpuset="0x00400004" nodeset="0x00000001" complete_nodeset="0x00000001" gp_index="16" cache_size="32768" depth="1" cache_linesize="64" cache_associativity="8" cache_type="1">
            <info name="Inclusive" value="0"/>
            <object type="Core" os_index="4" cpuset="0x00400004" complete_cpuset="0x00400004" nodeset="0x00000001" complete_nodeset="0x00000001" gp_index="14">
              <object type="PU" os_index="2" cpuset="0x00000004" complete_cpuset="0x00000004" nodeset="0x00000001" complete_nodeset="0x00000001" gp_index="15"/>
              <object type="PU" os_index="22" cpuset="0x00400000" complete_cpuset="0x00400000" nodeset="0x00000001" complete_nodeset="0x00000001" gp_index="88"/>
            </object>
          </object>
        </object>
        <object type="L2Cache" cpuset="0x01000010" complete_cpuset="0x01000010" nodeset="0x00000001" complete_nodeset="0x00000001" gp_index="25" cache_size="1048576" depth="2" cache_linesize="64" cache_associativity="16" cache_type="0">
          <info name="Inclusive" value="0"/>
          <object type="L1Cache" cpuset="0x01000010" complete_cpuset="0x01000010" nodeset="0x00000001" complete_nodeset="0x00000001" gp_index="24" cache_size="32768" depth="1" cache_linesize="64" cache_associativity="8" cache_type="1">
            <info name="Inclusive" value="0"/>
            <object type="Core" os_index="1" cpuset="0x01000010" complete_cpuset="0x01000010" nodeset="0x00000001" complete_nodeset="0x00000001" gp_index="22">
              <object type="PU" os_index="4" cpuset="0x00000010" complete_cpuset="0x00000010" nodeset="0x00000001" complete_nodeset="0x00000001" gp_index="23"/>
              <object type="PU" os_index="24" cpuset="0x01000000" complete_cpuset="0x01000000" nodeset="0x00000001" complete_nodeset="0x00000001" gp_index="90"/>
            </object>
          </object>
        </object>
        <object type="L2Cache" cpuset="0x04000040" complete_cpuset="0x04000040" nodeset="0x00000001" complete_nodeset="0x00000001" gp_index="33" cache_size="1048576" depth="2" cache_linesize="64" cache_associativity="16" cache_type="0">
          <info name="Inclusive" value="0"/>
          <object type="L1Cache" cpuset="0x04000040" complete_cpuset="0x04000040" nodeset="0x00000001" complete_nodeset="0x00000001" gp_index="32" cache_size="32768" depth="1" cache_linesize="64" cache_associativity="8" cache_type="1">
            <info name="Inclusive" value="0"/>
            <object type="Core" os_index="3" cpuset="0x04000040" complete_cpuset="0x04000040" nodeset="0x00000001" complete_nodeset="0x00000001" gp_index="30">
              <object type="PU" os_index="6" cpuset="0x00000040" complete_cpuset="0x00000040" nodeset="0x00000001" complete_nodeset="0x00000001" gp_index="31"/>
              <object type="PU" os_index="26" cpuset="0x04000000" complete_cpuset="0x04000000" nodeset="0x00000001" complete_nodeset="0x00000001" gp_index="92"/>
            </object>
          </object>
        </object>
        <object type="L2Cache" cpuset="0x10000100" complete_cpuset="0x10000100" nodeset="0x00000001" complete_nodeset="0x00000001" gp_index="41" cache_size="1048576" depth="2" cache_linesize="64" cache_associativity="16" cache_type="0">
          <info name="Inclusive" value="0"/>
          <object type="L1Cache" cpuset="0x10000100" complete_cpuset="0x10000100" nodeset="0x00000001" complete_nodeset="0x00000001" gp_index="40" cache_size="32768" depth="1" cache_linesize="64" cache_associativity="8" cache_type="1">
            <info name="Inclusive" value="0"/>
            <object type="Core" os_index="2" cpuset="0x10000100" complete_cpuset="0x10000100" nodeset="0x00000001" complete_nodeset="0x00000001" gp_index="38">
              <object type="PU" os_index="8" cpuset="0x00000100" complete_cpuset="0x00000100" nodeset="0x00000001" complete_nodeset="0x00000001" gp_index="39"/>
              <object type="PU" os_index="28" cpuset="0x10000000" complete_cpuset="0x10000000" nodeset="0x00000001" complete_nodeset="0x00000001" gp_index="94"/>
            </object>
          </object>
        </object>
        <object type="L2Cache" cpuset="0x40000400" complete_cpuset="0x40000400" nodeset="0x00000001" complete_nodeset="0x00000001" gp_index="49" cache_size="1048576" depth="2" cache_linesize="64" cache_associativity="16" cache_type="0">
          <info name="Inclusive" value="0"/>
          <object type="L1Cache" cpuset="0x40000400" complete_cpuset="0x40000400" nodeset="0x00000001" complete_nodeset="0x00000001" gp_index="48" cache_size="32768" depth="1" cache_linesize="64" cache_associativity="8" cache_type="1">
            <info name="Inclusive" value="0"/>
            <object type="Core" os_index="12" cpuset="0x40000400" complete_cpuset="0x40000400" nodeset="0x00000001" complete_nodeset="0x00000001" gp_index="46">
              <object type="PU" os_index="10" cpuset="0x00000400" complete_cpuset="0x00000400" nodeset="0x00000001" complete_nodeset="0x00000001" gp_index="47"/>
              <object type="PU" os_index="30" cpuset="0x40000000" complete_cpuset="0x40000000" nodeset="0x00000001" complete_nodeset="0x00000001" gp_index="96"/>
            </object>
          </object>
        </object>
        <object type="L2Cache" cpuset="0x00000001,0x00001000" complete_cpuset="0x00000001,0x00001000" nodeset="0x00000001" complete_nodeset="0x00000001" gp_index="57" cache_size="1048576" depth="2" cache_linesize="64" cache_associativity="16" cache_type="0">
          <info name="Inclusive" value="0"/>
          <object type="L1Cache" cpuset="0x00000001,0x00001000" complete_cpuset="0x00000001,0x00001000" nodeset="0x00000001" complete_nodeset="0x00000001" gp_index="56" cache_size="32768" depth="1" cache_linesize="64" cache_associativity="8" cache_type="1">
            <info name="Inclusive" value="0"/>
            <object type="Core" os_index="8" cpuset="0x00000001,0x00001000" complete_cpuset="0x00000001,0x00001000" nodeset="0x00000001" complete_nodeset="0x00000001" gp_index="54">
              <object type="PU" os_index="12" cpuset="0x00001000" complete_cpuset="0x00001000" nodeset="0x00000001" complete_nodeset="0x00000001" gp_index="55"/>
              <object type="PU" os_index="32" cpuset="0x00000001,0x0" complete_cpuset="0x00000001,0x0" nodeset="0x00000001" complete_nodeset="0x00000001" gp_index="98"/>
            </object>
          </object>
        </object>
        <object type="L2Cache" cpuset="0x00000004,0x00004000" complete_cpuset="0x00000004,0x00004000" nodeset="0x00000001" complete_nodeset="0x00000001" gp_index="65" cache_size="1048576" depth="2" cache_linesize="64" cache_associativity="16" cache_type="0">
          <info name="Inclusive" value="0"/>
          <object type="L1Cache" cpuset="0x00000004,0x00004000" complete_cpuset="0x00000004,0x00004000" nodeset="0x00000001" complete_nodeset="0x00000001" gp_index="64" cache_size="32768" depth="1" cache_linesize="64" cache_associativity="8" cache_type="1">
            <info name="Inclusive" value="0"/>
            <object type="Core" os_index="11" cpuset="0x00000004,0x00004000" complete_cpuset="0x00000004,0x00004000" nodeset="0x00000001" complete_nodeset="0x00000001" gp_index="62">
              <object type="PU" os_index="14" cpuset="0x00004000" complete_cpuset="0x00004000" nodeset="0x00000001" complete_nodeset="0x00000001" gp_index="63"/>
              <object type="PU" os_index="34" cpuset="0x00000004,0x0" complete_cpuset="0x00000004,0x0" nodeset="0x00000001" complete_nodeset="0x00000001" gp_index="100"/>
            </object>
          </object>
        </object>
        <object type="L2Cache" cpuset="0x00000010,0x00010000" complete_cpuset="0x00000010,0x00010000" nodeset="0x00000001" complete_nodeset="0x00000001" gp_index="73" cache_size="1048576" depth="2" cache_linesize="64" cache_associativity="16" cache_type="0">
          <info name="Inclusive" value="0"/>
          <object type="L1Cache" cpuset="0x00000010,0x00010000" complete_cpuset="0x00000010,0x00010000" nodeset="0x00000001" complete_nodeset="0x00000001" gp_index="72" cache_size="32768" depth="1" cache_linesize="64" cache_associativity="8" cache_type="1">
            <info name="Inclusive" value="0"/>
            <object type="Core" os_index="9" cpuset="0x00000010,0x00010000" complete_cpuset="0x00000010,0x00010000" nodeset="0x00000001" complete_nodeset="0x00000001" gp_index="70">
              <object type="PU" os_index="16" cpuset="0x00010000" complete_cpuset="0x00010000" nodeset="0x00000001" complete_nodeset="0x00000001" gp_index="71"/>
              <object type="PU" os_index="36" cpuset="0x00000010,0x0" complete_cpuset="0x00000010,0x0" nodeset="0x00000001" complete_nodeset="0x00000001" gp_index="102"/>
            </object>
          </object>
        </object>
        <object type="L2Cache" cpuset="0x00000040,0x00040000" complete_cpuset="0x00000040,0x00040000" nodeset="0x00000001" complete_nodeset="0x00000001" gp_index="81" cache_size="1048576" depth="2" cache_linesize="64" cache_associativity="16" cache_type="0">
          <info name="Inclusive" value="0"/>
          <object type="L1Cache" cpuset="0x00000040,0x00040000" complete_cpuset="0x00000040,0x00040000" nodeset="0x00000001" complete_nodeset="0x00000001" gp_index="80" cache_size="32768" depth="1" cache_linesize="64" cache_associativity="8" cache_type="1">
            <info name="Inclusive" value="0"/>
            <object type="Core" os_index="10" cpuset="0x00000040,0x00040000" complete_cpuset="0x00000040,0x00040000" nodeset="0x00000001" complete_nodeset="0x00000001" gp_index="78">
              <object type="PU" os_index="18" cpuset="0x00040000" complete_cpuset="0x00040000" nodeset="0x00000001" complete_nodeset="0x00000001" gp_index="79"/>
              <object type="PU" os_index="38" cpuset="0x00000040,0x0" complete_cpuset="0x00000040,0x0" nodeset="0x00000001" complete_nodeset="0x00000001" gp_index="104"/>
            </object>
          </object>
        </object>
      </object>
    </object>
    <object type="Package" os_index="1" cpuset="0x000000aa,0xaaaaaaaa" complete_cpuset="0x000000aa,0xaaaaaaaa" nodeset="0x00000002" complete_nodeset="0x00000002" gp_index="8">
      <info name="CPUVendor" value="GenuineIntel"/>
      <info name="CPUFamilyNumber" value="6"/>
      <info name="CPUModelNumber" value="85"/>
      <info name="CPUModel" value="Intel(R) Xeon(R) Silver 4114 CPU @ 2.20GHz"/>
      <info name="CPUStepping" value="4"/>
      <object type="NUMANode" os_index="1" cpuset="0x000000aa,0xaaaaaaaa" complete_cpuset="0x000000aa,0xaaaaaaaa" nodeset="0x00000002" complete_nodeset="0x00000002" gp_index="107" local_memory="67618639872">
        <page_type size="4096" count="15853097"/>
        <page_type size="2097152" count="1280"/>
        <page_type size="1073741824" count="0"/>
      </object>
      <object type="L3Cache" cpuset="0x000000aa,0xaaaaaaaa" complete_cpuset="0x000000aa,0xaaaaaaaa" nodeset="0x00000002" complete_nodeset="0x00000002" gp_index="13" cache_size="14417920" depth="3" cache_linesize="64" cache_associativity="11" cache_type="0">
        <info name="Inclusive" value="0"/>
        <object type="L2Cache" cpuset="0x00200002" complete_cpuset="0x00200002" nodeset="0x00000002" complete_nodeset="0x00000002" gp_index="12" cache_size="1048576" depth="2" cache_linesize="64" cache_associativity="16" cache_type="0">
          <info name="Inclusive" value="0"/>
          <object type="L1Cache" cpuset="0x00200002" complete_cpuset="0x00200002" nodeset="0x00000002" complete_nodeset="0x00000002" gp_index="11" cache_size="32768" depth="1" cache_linesize="64" cache_associativity="8" cache_type="1">
            <info name="Inclusive" value="0"/>
            <object type="Core" os_index="0" cpuset="0x00200002" complete_cpuset="0x00200002" nodeset="0x00000002" complete_nodeset="0x00000002" gp_index="9">
              <object type="PU" os_index="1" cpuset="0x00000002" complete_cpuset="0x00000002" nodeset="0x00000002" complete_nodeset="0x00000002" gp_index="10"/>
              <object type="PU" os_index="21" cpuset="0x00200000" complete_cpuset="0x00200000" nodeset="0x00000002" complete_nodeset="0x00000002" gp_index="87"/>
            </object>
          </object>
        </object>
        <object type="L2Cache" cpuset="0x00800008" complete_cpuset="0x00800008" nodeset="0x00000002" complete_nodeset="0x00000002" gp_index="21" cache_size="1048576" depth="2" cache_linesize="64" cache_associativity="16" cache_type="0">
          <info name="Inclusive" value="0"/>
          <object type="L1Cache" cpuset="0x00800008" complete_cpuset="0x00800008" nodeset="0x00000002" complete_nodeset="0x00000002" gp_index="20" cache_size="32768" depth="1" cache_linesize="64" cache_associativity="8" cache_type="1">
            <info name="Inclusive" value="0"/>
            <object type="Core" os_index="4" cpuset="0x00800008" complete_cpuset="0x00800008" nodeset="0x00000002" complete_nodeset="0x00000002" gp_index="18">
              <object type="PU" os_index="3" cpuset="0x00000008" complete_cpuset="0x00000008" nodeset="0x00000002" complete_nodeset="0x00000002" gp_index="19"/>
              <object type="PU" os_index="23" cpuset="0x00800000" complete_cpuset="0x00800000" nodeset="0x00000002" complete_nodeset="0x00000002" gp_index="89"/>
            </object>
          </object>
        </object>
        <object type="L2Cache" cpuset="0x02000020" complete_cpuset="0x02000020" nodeset="0x00000002" complete_nodeset="0x00000002" gp_index="29" cache_size="1048576" depth="2" cache_linesize="64" cache_associativity="16" cache_type="0">
          <info name="Inclusive" value="0"/>
          <object type="L1Cache" cpuset="0x02000020" complete_cpuset="0x02000020" nodeset="0x00000002" complete_nodeset="0x00000002" gp_index="28" cache_size="32768" depth="1" cache_linesize="64" cache_associativity="8" cache_type="1">
            <info name="Inclusive" value="0"/>
            <object type="Core" os_index="1" cpuset="0x02000020" complete_cpuset="0x02000020" nodeset="0x00000002" complete_nodeset="0x00000002" gp_index="26">
              <object type="PU" os_index="5" cpuset="0x00000020" complete_cpuset="0x00000020" nodeset="0x00000002" complete_nodeset="0x00000002" gp_index="27"/>
              <object type="PU" os_index="25" cpuset="0x02000000" complete_cpuset="0x02000000" nodeset="0x00000002" complete_nodeset="0x00000002" gp_index="91"/>
            </object>
          </object>
        </object>
        <object type="L2Cache" cpuset="0x08000080" complete_cpuset="0x08000080" nodeset="0x00000002" complete_nodeset="0x00000002" gp_index="37" cache_size="1048576" depth="2" cache_linesize="64" cache_associativity="16" cache_type="0">
          <info name="Inclusive" value="0"/>
          <object type="L1Cache" cpuset="0x08000080" complete_cpuset="0x08000080" nodeset="0x00000002" complete_nodeset="0x00000002" gp_index="36" cache_size="32768" depth="1" cache_linesize="64" cache_associativity="8" cache_type="1">
            <info name="Inclusive" value="0"/>
            <object type="Core" os_index="3" cpuset="0x08000080" complete_cpuset="0x08000080" nodeset="0x00000002" complete_nodeset="0x00000002" gp_index="34">
              <object type="PU" os_index="7" cpuset="0x00000080" complete_cpuset="0x00000080" nodeset="0x00000002" complete_nodeset="0x00000002" gp_index="35"/>
              <object type="PU" os_index="27" cpuset="0x08000000" complete_cpuset="0x08000000" nodeset="0x00000002" complete_nodeset="0x00000002" gp_index="93"/>
            </object>
          </object>
        </object>
        <object type="L2Cache" cpuset="0x20000200" complete_cpuset="0x20000200" nodeset="0x00000002" complete_nodeset="0x00000002" gp_index="45" cache_size="1048576" depth="2" cache_linesize="64" cache_associativity="16" cache_type="0">
          <info name="Inclusive" value="0"/>
          <object type="L1Cache" cpuset="0x20000200" complete_cpuset="0x20000200" nodeset="0x00000002" complete_nodeset="0x00000002" gp_index="44" cache_size="32768" depth="1" cache_linesize="64" cache_associativity="8" cache_type="1">
            <info name="Inclusive" value="0"/>
            <object type="Core" os_index="2" cpuset="0x20000200" complete_cpuset="0x20000200" nodeset="0x00000002" complete_nodeset="0x00000002" gp_index="42">
              <object type="PU" os_index="9" cpuset="0x00000200" complete_cpuset="0x00000200" nodeset="0x00000002" complete_nodeset="0x00000002" gp_index="43"/>
              <object type="PU" os_index="29" cpuset="0x20000000" complete_cpuset="0x20000000" nodeset="0x00000002" complete_nodeset="0x00000002" gp_index="95"/>
            </object>
          </object>
        </object>
        <object type="L2Cache" cpuset="0x80000800" complete_cpuset="0x80000800" nodeset="0x00000002" complete_nodeset="0x00000002" gp_index="53" cache_size="1048576" depth="2" cache_linesize="64" cache_associativity="16" cache_type="0">
          <info name="Inclusive" value="0"/>
          <object type="L1Cache" cpuset="0x80000800" complete_cpuset="0x80000800" nodeset="0x00000002" complete_nodeset="0x00000002" gp_index="52" cache_size="32768" depth="1" cache_linesize="64" cache_associativity="8" cache_type="1">
            <info name="Inclusive" value="0"/>
            <object type="Core" os_index="12" cpuset="0x80000800" complete_cpuset="0x80000800" nodeset="0x00000002" complete_nodeset="0x00000002" gp_index="50">
              <object type="PU" os_index="11" cpuset="0x00000800" complete_cpuset="0x00000800" nodeset="0x00000002" complete_nodeset="0x00000002" gp_index="51"/>
              <object type="PU" os_index="31" cpuset="0x80000000" complete_cpuset="0x80000000" nodeset="0x00000002" complete_nodeset="0x00000002" gp_index="97"/>
            </object>
          </object>
        </object>
        <object type="L2Cache" cpuset="0x00000002,0x00002000" complete_cpuset="0x00000002,0x00002000" nodeset="0x00000002" complete_nodeset="0x00000002" gp_index="61" cache_size="1048576" depth="2" cache_linesize="64" cache_associativity="16" cache_type="0">
          <info name="Inclusive" value="0"/>
          <object type="L1Cache" cpuset="0x00000002,0x00002000" complete_cpuset="0x00000002,0x00002000" nodeset="0x00000002" complete_nodeset="0x00000002" gp_index="60" cache_size="32768" depth="1" cache_linesize="64" cache_associativity="8" cache_type="1">
            <info name="Inclusive" value="0"/>
            <object type="Core" os_index="8" cpuset="0x00000002,0x00002000" complete_cpuset="0x00000002,0x00002000" nodeset="0x00000002" complete_nodeset="0x00000002" gp_index="58">
              <object type="PU" os_index="13" cpuset="0x00002000" complete_cpuset="0x00002000" nodeset="0x00000002" complete_nodeset="0x00000002" gp_index="59"/>
              <object type="PU" os_index="33" cpuset="0x00000002,0x0" complete_cpuset="0x00000002,0x0" nodeset="0x00000002" complete_nodeset="0x00000002" gp_index="99"/>
            </object>
          </object>
        </object>
        <object type="L2Cache" cpuset="0x00000008,0x00008000" complete_cpuset="0x00000008,0x00008000" nodeset="0x00000002" complete_nodeset="0x00000002" gp_index="69" cache_size="1048576" depth="2" cache_linesize="64" cache_associativity="16" cache_type="0">
          <info name="Inclusive" value="0"/>
          <object type="L1Cache" cpuset="0x00000008,0x00008000" complete_cpuset="0x00000008,0x00008000" nodeset="0x00000002" complete_nodeset="0x00000002" gp_index="68" cache_size="32768" depth="1" cache_linesize="64" cache_associativity="8" cache_type="1">
            <info name="Inclusive" value="0"/>
            <object type="Core" os_index="11" cpuset="0x00000008,0x00008000" complete_cpuset="0x00000008,0x00008000" nodeset="0x00000002" complete_nodeset="0x00000002" gp_index="66">
              <object type="PU" os_index="15" cpuset="0x00008000" complete_cpuset="0x00008000" nodeset="0x00000002" complete_nodeset="0x00000002" gp_index="67"/>
              <object type="PU" os_index="35" cpuset="0x00000008,0x0" complete_cpuset="0x00000008,0x0" nodeset="0x00000002" complete_nodeset="0x00000002" gp_index="101"/>
            </object>
          </object>
        </object>
        <object type="L2Cache" cpuset="0x00000020,0x00020000" complete_cpuset="0x00000020,0x00020000" nodeset="0x00000002" complete_nodeset="0x00000002" gp_index="77" cache_size="1048576" depth="2" cache_linesize="64" cache_associativity="16" cache_type="0">
          <info name="Inclusive" value="0"/>
          <object type="L1Cache" cpuset="0x00000020,0x00020000" complete_cpuset="0x00000020,0x00020000" nodeset="0x00000002" complete_nodeset="0x00000002" gp_index="76" cache_size="32768" depth="1" cache_linesize="64" cache_associativity="8" cache_type="1">
            <info name="Inclusive" value="0"/>
            <object type="Core" os_index="9" cpuset="0x00000020,0x00020000" complete_cpuset="0x00000020,0x00020000" nodeset="0x00000002" complete_nodeset="0x00000002" gp_index="74">
              <object type="PU" os_index="17" cpuset="0x00020000" complete_cpuset="0x00020000" nodeset="0x00000002" complete_nodeset="0x00000002" gp_index="75"/>
              <object type="PU" os_index="37" cpuset="0x00000020,0x0" complete_cpuset="0x00000020,0x0" nodeset="0x00000002" complete_nodeset="0x00000002" gp_index="103"/>
            </object>
          </object>
        </object>
        <object type="L2Cache" cpuset="0x00000080,0x00080000" complete_cpuset="0x00000080,0x00080000" nodeset="0x00000002" complete_nodeset="0x00000002" gp_index="85" cache_size="1048576" depth="2" cache_linesize="64" cache_associativity="16" cache_type="0">
          <info name="Inclusive" value="0"/>
          <object type="L1Cache" cpuset="0x00000080,0x00080000" complete_cpuset="0x00000080,0x00080000" nodeset="0x00000002" complete_nodeset="0x00000002" gp_index="84" cache_size="32768" depth="1" cache_linesize="64" cache_associativity="8" cache_type="1">
            <info name="Inclusive" value="0"/>
            <object type="Core" os_index="10" cpuset="0x00000080,0x00080000" complete_cpuset="0x00000080,0x00080000" nodeset="0x00000002" complete_nodeset="0x00000002" gp_index="82">
              <object type="PU" os_index="19" cpuset="0x00080000" complete_cpuset="0x00080000" nodeset="0x00000002" complete_nodeset="0x00000002" gp_index="83"/>
              <object type="PU" os_index="39" cpuset="0x00000080,0x0" complete_cpuset="0x00000080,0x0" nodeset="0x00000002" complete_nodeset="0x00000002" gp_index="105"/>
            </object>
          </object>
        </object>
      </object>
    </object>
  </object>
  <distances2 type="NUMANode" nbobjs="2" kind="5" indexing="os">
    <indexes length="4">0 1 </indexes>
    <u64values length="12">10 21 21 10 </u64values>
  </distances2>
</topology>
